DROP TABLE Vehicle IF EXISTS;
DROP TABLE Reservation IF EXISTS;
DROP TABLE Bill IF EXISTS;

CREATE TABLE IF NOT EXISTS Vehicle (id BIGINT AUTO_INCREMENT PRIMARY KEY, label VARCHAR(30) NOT NULL, year INTEGER NOT NULL, description VARCHAR(100), nrOfSeats INTEGER, registrationNr VARCHAR(30), type VARCHAR(12) NOT NULL CHECK (type IN ('motorized','muscle power')), power INTEGER, price DOUBLE NOT NULL, date DATE, picture VARCHAR, drivingLicence VARCHAR(3), dateChanged DATE, isDeleted BOOLEAN NOT NULL);
CREATE TABLE IF NOT EXISTS Reservation (id BIGINT AUTO_INCREMENT PRIMARY KEY, name VARCHAR(30) NOT NULL, cardNr VARCHAR(30) NOT NULL, dateFrom TIMESTAMP NOT NULL, dateTo TIMESTAMP NOT NULL, sum DOUBLE, date DATE, dateBill TIMESTAMP, billNr INTEGER, status VARCHAR(9) NOT NULL CHECK (status IN ('canceled', 'paid', 'open')));
CREATE TABLE IF NOT EXISTS Bill (id BIGINT AUTO_INCREMENT PRIMARY KEY, vehicleId BIGINT NOT NULL, reservationId BIGINT NOT NULL, model VARCHAR(30) NOT NULL, year INTEGER NOT NULL, description VARCHAR(100), nrOfSeats INTEGER, registrationNr VARCHAR(30), type VARCHAR(12) CHECK (type IN ('motorized','muscle power')), power INTEGER, price DOUBLE NOT NULL, picture VARCHAR, drivingLicence VARCHAR(3), licenceNr VARCHAR(30), licenceDate DATE);

INSERT INTO Vehicle(label, year, description, nrOfSeats, registrationNr, type, power, price, date, picture, drivingLicence, dateChanged, isDeleted) VALUES ('Peugeot 308', 2010,'Small family car, silver', 5, 'W752-98', 'motorized', 115, 2.45, '2018-04-08', 'C:\Users\Mensur\SEPMpictures\PEUGEOT_308_TestDrive_012_595126c2cfc20.jpeg', 'B', '2018-04-08', FALSE);
INSERT INTO Vehicle(label, year, description, nrOfSeats, registrationNr, type, power, price, date, picture, drivingLicence, dateChanged, isDeleted) VALUES ('KTM 105 SX', 2010,'Dirt bike, Motorcycle, red', 1, 'G824-12', 'motorized', 95	, 1.6, '2018-04-08', null, 'AB', '2018-04-08', FALSE);
INSERT INTO Vehicle(label, year, nrOfSeats, registrationNr, type, power, price, date, picture, drivingLicence, dateChanged, isDeleted) VALUES ('Volkswagen Tiguan', 2013, 5, 'W414-01', 'motorized', 130, 2.8, '2018-04-08', 'C:\Users\Mensur\SEPMpictures\Tig-18-0033-Dig_3x2_B.png', 'BC', '2018-04-08', FALSE);
INSERT INTO Vehicle(label, year, description, nrOfSeats, type, power, price, date, picture, dateChanged, isDeleted) VALUES ('Puch Brigadier', 1970,'Road Bike', 1, 'muscle power', 0, 1.0, '2018-04-08', 'C:\Users\Mensur\SEPMpictures\IMG_2903.jpeg', '2018-04-08', FALSE);
INSERT INTO Vehicle(label, year, description, nrOfSeats, type, power, price, date, picture, dateChanged, isDeleted) VALUES ('Segway Ninebot ES2', 2015,'Electric scooter, foldable, charging time 3.5h', 0, 'motorized', 1, 1.05, '2018-04-08', null, '2018-04-08', TRUE);
INSERT INTO Vehicle(label, year, nrOfSeats, type, power, price, date, picture, dateChanged, isDeleted) VALUES ('Fit Mac BMX Bike', 2018, 1, 'muscle power', 0, 1.25, '2018-04-08', null, '2018-04-08', FALSE);
INSERT INTO Vehicle(label, year, description, nrOfSeats, registrationNr, type, power, price, date, picture, drivingLicence, dateChanged, isDeleted) VALUES ('Mercedes Benz S320 CDI', 2009,'Diesel, 90L fuel tank capacity, brake assist, cruise control, automatic transmission', 5, 'R758-14', 'motorized', 173, 2.98, '2018-04-08', null, 'B', '2018-04-08', FALSE);
INSERT INTO Vehicle(label, year, description, nrOfSeats, registrationNr, type, power, price, date, picture, drivingLicence, dateChanged, isDeleted) VALUES ('Ford Transit', 2017,'Van', 8, 'Z783-71', 'motorized', 68, 2.87, '2018-04-08', 'C:\Users\Mensur\SEPMpictures\2016-Ford-Transit-Connect-01.jpeg', 'BC', '2018-04-08', TRUE);
INSERT INTO Vehicle(label, year, nrOfSeats, registrationNr, type, power, price, date, picture, drivingLicence, dateChanged, isDeleted) VALUES ('Citroen C4 Cactus', 2014, 5, 'T874-66', 'motorized', 55, 2.41, '2018-04-08', null, 'B', '2018-04-08', FALSE);
INSERT INTO Vehicle(label, year, description, nrOfSeats, registrationNr, type, power, price, date, picture, drivingLicence, dateChanged, isDeleted) VALUES ('Nissan Sentra', 2012,'Light blue', 5, 'L325-45', 'motorized', 50, 2.37, '2018-04-08', 'C:\Users\Mensur\SEPMpictures\18tdiuslhd-senhelios101.jpg.ximg.l_full_m.smart.jpeg', 'B', '2018-04-08', FALSE);
INSERT INTO Vehicle(label, year, nrOfSeats, registrationNr, type, power, price, date, picture, drivingLicence, dateChanged, isDeleted) VALUES ('Scania P380', 2008, 2, 'G789-98', 'motorized', 280, 3.24, '2018-04-08', 'C:\Users\Mensur\SEPMpictures\scania-p380,2ce0d0c2.jpeg', 'C', '2018-04-08', FALSE);


INSERT INTO Reservation (name, cardNr, dateFrom, dateTo, sum, date, dateBill, billNr, status) VALUES ('Lena', 'AT021200000703447144', '2018-04-09 08:00:00', '2018-04-11 13:00:00', 204.05, '2018-04-08', null, null, 'open');
INSERT INTO Reservation (name, cardNr, dateFrom, dateTo, sum, date, dateBill, billNr, status) VALUES ('Maria', '5154579027546064', '2018-04-09 10:00:00', '2018-04-14 12:00:00', 523.38, '2018-04-08', null, null, 'open');
INSERT INTO Reservation (name, cardNr, dateFrom, dateTo, sum, date, dateBill, billNr, status) VALUES ('Mario', 'AT026000000001349870', '2018-04-16 12:00:00', '2018-04-25 12:00:00', 486.0, '2018-04-08', null, null, 'open');
INSERT INTO Reservation (name, cardNr, dateFrom, dateTo, sum, date, dateBill, billNr, status) VALUES ('Maximillian', 'AT022011100003429660', '2018-04-23 11:00:00', '2018-04-30 11:00:00', 470.4, '2018-04-08', null, null, 'open');
INSERT INTO Reservation (name, cardNr, dateFrom, dateTo, sum, date, dateBill, billNr, status) VALUES ('Suzy', '377673796853728', '2018-04-22 11:00:00', '2018-04-24 14:00:00', 122.91000000000001, '2018-04-08', null, null, 'open');
INSERT INTO Reservation (name, cardNr, dateFrom, dateTo, sum, date, dateBill, billNr, status) VALUES ('Matthias', '4532938298438433', '2018-04-12 09:00:00', '2018-04-16 11:00:00', 88.2, '2018-04-08', '2018-04-08 22:32:16.2662624', 1, 'canceled');
INSERT INTO Reservation (name, cardNr, dateFrom, dateTo, sum, date, dateBill, billNr, status) VALUES ('Karla', '6011682666912323', '2018-04-09 09:00:00', '2018-04-11 13:00:00', 127.4, '2018-04-08', null, null, 'open');
INSERT INTO Reservation (name, cardNr, dateFrom, dateTo, sum, date, dateBill, billNr, status) VALUES ('Georg', 'AT023500000001070671', '2018-04-27 13:00:00', '2018-05-02 13:00:00', 357.6, '2018-04-08', null, null, 'open');
INSERT INTO Reservation (name, cardNr, dateFrom, dateTo, sum, date, dateBill, billNr, status) VALUES ('Daniel', '5201280741333730', '2018-04-10 10:00:00', '2018-04-13 09:00:00', 66.5625, '2018-04-08', '2018-04-08 22:36:20.2491945', 2, 'canceled');
INSERT INTO Reservation (name, cardNr, dateFrom, dateTo, sum, date, dateBill, billNr, status) VALUES ('Anna', 'AT022040400040102634', '2018-04-06 12:00:00', '2018-04-09 11:00:00', 198.79999999999998	, '2018-04-08', '2018-04-08 22:39:54.3713922', 3, 'paid');




INSERT INTO Bill (vehicleId, reservationId, model, year, description, nrOfSeats, type, power, price, picture, licenceNr, licenceDate) VALUES (5, 2,	'Segway Ninebot ES2', 2015,'Electric scooter, foldable, charging time 3.5h', 0, 'motorized', 1, 1.05, null, null, null);
INSERT INTO Bill (vehicleId, reservationId, model, year, nrOfSeats, registrationNr, type, power, price, picture, drivingLicence, licenceNr, licenceDate) VALUES (11, 2,	'Scania P380', 2008, 2, 'G789-98', 'motorized', 280, 3.24, 'C:\Users\Mensur\SEPMpictures\scania-p380,2ce0d0c2.jpeg', 'C', 'A223U88', '2014-04-02');
INSERT INTO Bill (vehicleId, reservationId, model, year, nrOfSeats, type, power, price, picture, licenceNr, licenceDate) VALUES (4, 3,'Fit Mac BMX Bike', 2018, 1, 'muscle power', 0, 1.25, null, null, null);
INSERT INTO Bill (vehicleId, reservationId, model, year, description, nrOfSeats, type, power, price, picture, licenceNr, licenceDate) VALUES (6, 3,	'Puch Brigadier', 1970,'Road Bike', 1, 'muscle power', 0, 1.0, 'C:\Users\Mensur\SEPMpictures\IMG_2903.jpeg', null, null);
INSERT INTO Bill (vehicleId, reservationId, model, year, nrOfSeats, registrationNr, type, power, price, picture, drivingLicence, licenceNr, licenceDate) VALUES (3, 4,'Volkswagen Tiguan', 2013, 5, 'W414-01', 'motorized', 130, 2.8, 'C:\Users\Mensur\SEPMpictures\Tig-18-0033-Dig_3x2_B.png', 'BC', 'M565K55', '2010-04-05');
INSERT INTO Bill (vehicleId, reservationId, model, year, nrOfSeats, registrationNr, type, power, price, picture, drivingLicence, licenceNr, licenceDate) VALUES (9, 5,'Citroen C4 Cactus', 2014, 5, 'T874-66', 'motorized', 55, 2.41, null, 'B', 'K785F56', '2011-04-10');
INSERT INTO Bill (vehicleId, reservationId, model, year, description, nrOfSeats, type, power, price, picture, licenceNr, licenceDate) VALUES (4, 6,	'Puch Brigadier', 1970,'Road Bike', 1, 'muscle power', 0, 1.0, 'C:\Users\Mensur\SEPMpictures\IMG_2903.jpeg', null, null);
INSERT INTO Bill (vehicleId, reservationId, model, year, nrOfSeats, type, power, price, picture, licenceNr, licenceDate) VALUES (6, 6,'Fit Mac BMX Bike', 2018, 1, 'muscle power', 0, 1.25, null, null, null);
INSERT INTO Bill (vehicleId, reservationId, model, year, description, nrOfSeats, registrationNr, type, power, price, picture, drivingLicence, licenceNr, licenceDate) VALUES (1, 7,	'Peugeot 308', 2010,'Small family car, silver', 5, 'W752-98', 'motorized', 115, 2.45, 'C:\Users\Mensur\SEPMpictures\PEUGEOT_308_TestDrive_012_595126c2cfc20.jpeg', 'B', 'Z896D57', '1997-04-14');
INSERT INTO Bill (vehicleId, reservationId, model, year, description, nrOfSeats, registrationNr, type, power, price, picture, drivingLicence, licenceNr, licenceDate) VALUES (7, 8,	'Mercedes Benz S320 CDI', 2009,'Diesel, 90L fuel tank capacity, brake assist, cruise control, automatic transmission', 5, 'R758-14', 'motorized', 173, 2.98, null, 'B', 'H225A78', '2009-04-06');
INSERT INTO Bill (vehicleId, reservationId, model, year, nrOfSeats, type, power, price, picture, licenceNr, licenceDate) VALUES (6, 9,'Fit Mac BMX Bike', 2018, 1, 'muscle power', 0, 1.25, null, null, null);
INSERT INTO Bill (vehicleId, reservationId, model, year, nrOfSeats, registrationNr, type, power, price, picture, drivingLicence, licenceNr, licenceDate) VALUES (3, 10,'Volkswagen Tiguan', 2013, 5, 'W414-01', 'motorized', 130, 2.8, 'C:\Users\Mensur\SEPMpictures\Tig-18-0033-Dig_3x2_B.png', 'BC', 'E752F44', '2007-04-08');
INSERT INTO Bill (vehicleId, reservationId, model, year, description, nrOfSeats, type, power, price, picture, licenceNr, licenceDate) VALUES (2, 1,	'Puch Brigadier', 1970,'Road Bike', 1, 'muscle power', 0, 1.0, 'C:\Users\Mensur\SEPMpictures\IMG_2903.jpeg', null, null);
INSERT INTO Bill (vehicleId, reservationId, model, year, nrOfSeats, type, power, price, picture, licenceNr, licenceDate) VALUES (4, 1,'Fit Mac BMX Bike', 2018, 1, 'muscle power', 0, 1.25, null, null, null);
INSERT INTO Bill (vehicleId, reservationId, model, year, description, nrOfSeats, registrationNr, type, power, price, picture, drivingLicence, licenceNr, licenceDate) VALUES (6, 1,	'KTM 105 SX', 2010,'Dirt bike, Motorcycle, red', 1, 'G824-12', 'motorized', 95	, 1.6, null, 'AB', 'A778D99', '2004-04-05');


